attr_id,2018 NFP,usda_tag,name,unit,notes,bulk_csv_field,cxh_attribute_name,
301,1,CA,"Calcium, Ca",mg,,nf_calcium_mg,,
205,1,CHOCDF,"Carbohydrate, by difference",g,,nf_total_carbohydrate,CHO-,
601,1,CHOLE,Cholesterol,mg,,nf_cholesterol,CHOL-,
208,1,ENERC_KCAL,Calories,kcal,,nf_calories,ENER-,
606,1,FASAT,"Fatty acids, total saturated",g,,nf_saturated_fat,FASAT,
204,1,FAT,Total lipid (fat),g,,nf_total_fat,FAT,
605,1,FATRN,"Fatty acids, total trans",g,,nf_trans_fatty_acid,,
303,1,FE,"Iron, Fe",mg,,"nf_Iron, Fe_mg",,
291,1,FIBTG,"Fiber, total dietary",g,,nf_dietary_fiber,FIBTSW,
306,1,K,"Potassium, K",mg,,nf_potassium,,
307,1,NA,"Sodium, Na",mg,,nf_sodium,NA,
203,1,PROCNT,Protein,g,,nf_protein,PRO-,
269,1,SUGAR,"Sugars, total",g,,nf_sugars,SUGAR-,
539,1,SUGAR_ADD,"Sugars, added",g,,nf_added_sugars,SUGAD,
324,1,VITD,Vitamin D,IU,,nf_vitamin_d_mcg,,must transform MCG to IU
513,0,ALA_G,Alanine,g,,nf_alanine_g,,
221,0,ALC,"Alcohol, ethyl",g,,"nf_alcohol, ethyl_g",,
511,0,ARG_G,Arginine,g,,nf_arginine_g,,
207,0,ASH,Ash,g,,nf_ash_g,,
514,0,ASP_G,Aspartic acid,g,,nf_aspartic acid_g,,
454,0,BETN,Betaine,mg,,nf_betaine_mg,,
262,0,CAFFN,Caffeine,mg,,nf_caffeine_mg,,
639,0,CAMD5,Campesterol,mg,,nf_campesterol_mg,,
322,0,CARTA,"Carotene, alpha",Âµg,,"nf_carotene, alpha_âµg",,
321,0,CARTB,"Carotene, beta",Âµg,,"nf_carotene, beta_âµg",,
326,0,CHOCAL,Vitamin D3 (cholecalciferol),Âµg,,nf_vitamin d3 (cholecalciferol)_âµg,,
421,0,CHOLN,"Choline, total",mg,,"nf_choline, total_mg",,
334,0,CRYPX,"Cryptoxanthin, beta",Âµg,,"nf_cryptoxanthin, beta_âµg",,
312,0,CU,"Copper, Cu",mg,,"nf_copper, cu_mg",,
507,0,CYS_G,Cystine,g,,nf_cystine_g,,
268,0,ENERC_KJ,Energy,kJ,,nf_energy_kj,,
325,0,ERGCAL,Vitamin D2 (ergocalciferol),Âµg,,nf_vitamin d2 (ergocalciferol)_âµg,,
610,0,F10D0,10:00,g,,nf_0.416666666666667_g,,
611,0,F12D0,12:00,g,,nf_0.5_g,,
696,0,F13D0,13:00,g,,nf_0.541666666666667_g,,
612,0,F14D0,14:00,g,,nf_0.583333333333333_g,,
625,0,F14D1,14:01,g,,nf_0.584027777777778_g,,
652,0,F15D0,15:00,g,,nf_0.625_g,,
697,0,F15D1,15:01,g,,nf_0.625694444444444_g,,
613,0,F16D0,16:00,g,,nf_0.666666666666667_g,,
626,0,F16D1,16:1 undifferentiated,g,,nf_16:1 undifferentiated_g,,
673,0,F16D1C,16:1 c,g,,nf_16:1 c_g,,
662,0,F16D1T,16:1 t,g,,nf_16:1 t_g,,
653,0,F17D0,17:00,g,,nf_0.708333333333333_g,,
687,0,F17D1,17:01,g,,nf_0.709027777777778_g,,
614,0,F18D0,18:00,g,,nf_0.75_g,,
617,0,F18D1,18:1 undifferentiated,g,,nf_18:1 undifferentiated_g,,
674,0,F18D1C,18:1 c,g,,nf_18:1 c_g,,
663,0,F18D1T,18:1 t,g,,nf_18:1 t_g,,
859,0,F18D1TN7,18:1-11t (18:1t n-7),g,,nf_18:1-11t (18:1t n-7)_g,,
618,0,F18D2,18:2 undifferentiated,g,,nf_18:2 undifferentiated_g,,
670,0,F18D2CLA,18:2 CLAs,g,,nf_18:2 clas_g,,
675,0,F18D2CN6,"18:2 n-6 c,c",g,,"nf_18:2 n-6 c,c_g",,
669,0,F18D2TT,"18:2 t,t",g,,"nf_18:2 t,t_g",,
619,0,F18D3,18:3 undifferentiated,g,,nf_18:3 undifferentiated_g,,
851,0,F18D3CN3,"18:3 n-3 c,c,c (ALA)",g,omega-3 alpha-linolenic acid,"nf_18:3 n-3 c,c,c (ala)_g",,
685,0,F18D3CN6,"18:3 n-6 c,c,c",g,,"nf_18:3 n-6 c,c,c_g",,
627,0,F18D4,18:04,g,,nf_0.752777777777778_g,,
615,0,F20D0,20:00,g,,nf_0.833333333333333_g,,
628,0,F20D1,20:01,g,,nf_0.834027777777778_g,,
672,0,F20D2CN6,"20:2 n-6 c,c",g,,"nf_20:2 n-6 c,c_g",,
689,0,F20D3,20:3 undifferentiated,g,,nf_20:3 undifferentiated_g,,
852,0,F20D3N3,20:3 n-3,g,,nf_20:3 n-3_g,,
853,0,F20D3N6,20:3 n-6,g,,nf_20:3 n-6_g,,
620,0,F20D4,20:4 undifferentiated,g,,nf_20:4 undifferentiated_g,,
855,0,F20D4N6,20:4 n-6,g,,nf_20:4 n-6_g,,
629,0,F20D5,20:5 n-3 (EPA),g,omega-3 eicosapentaenoic acid,nf_20:5 n-3 (epa)_g,,
857,0,F21D5,21:05,g,,nf_0.878472222222222_g,,
624,0,F22D0,22:00,g,,nf_0.916666666666667_g,,
630,0,F22D1,22:1 undifferentiated,g,,nf_22:1 undifferentiated_g,,
858,0,F22D4,22:04,g,,nf_0.919444444444444_g,,
631,0,F22D5,22:5 n-3 (DPA),g,,nf_22:5 n-3 (dpa)_g,,
621,0,F22D6,22:6 n-3 (DHA),g,omega-3 docosahexaenoic acid ,nf_22:6 n-3 (dha)_g,,
654,0,F24D0,24:00:00,g,,nf_1_g,,
671,0,F24D1C,24:1 c,g,,nf_24:1 c_g,,
607,0,F4D0,4:00,g,,nf_0.166666666666667_g,,
608,0,F6D0,6:00,g,,nf_0.25_g,,
609,0,F8D0,8:00,g,,nf_0.333333333333333_g,,
645,0,FAMS,"Fatty acids, total monounsaturated",g,,"nf_fatty acids, total monounsaturated_g",,
646,0,FAPU,"Fatty acids, total polyunsaturated",g,,"nf_fatty acids, total polyunsaturated_g",,
693,0,FATRNM,"Fatty acids, total trans-monoenoic",g,,"nf_fatty acids, total trans-monoenoic_g",,
695,0,FATRNP,"Fatty acids, total trans-polyenoic",g,,"nf_fatty acids, total trans-polyenoic_g",,
313,0,FLD,"Fluoride, F",Âµg,,"nf_fluoride, f_âµg",,
417,0,FOL,"Folate, total",Âµg,,"nf_folate, total_âµg",,
431,0,FOLAC,Folic acid,Âµg,,nf_folic acid_âµg,,
435,0,FOLDFE,"Folate, DFE",Âµg,,"nf_folate, dfe_âµg",,
432,0,FOLFD,"Folate, food",Âµg,,"nf_folate, food_âµg",,
212,0,FRUS,Fructose,g,,nf_fructose_g,,
287,0,GALS,Galactose,g,,nf_galactose_g,,
515,0,GLU_G,Glutamic acid,g,,nf_glutamic acid_g,,
211,0,GLUS,Glucose (dextrose),g,,nf_glucose (dextrose)_g,,
516,0,GLY_G,Glycine,g,,nf_glycine_g,,
512,0,HISTN_G,Histidine,g,,nf_histidine_g,,
521,0,HYP,Hydroxyproline,g,,nf_hydroxyproline_g,,
503,0,ILE_G,Isoleucine,g,,nf_isoleucine_g,,
213,0,LACS,Lactose,g,,nf_lactose_g,,
504,0,LEU_G,Leucine,g,,nf_leucine_g,,
338,0,LUT+ZEA,Lutein + zeaxanthin,Âµg,,nf_lutein + zeaxanthin_âµg,,
337,0,LYCPN,Lycopene,Âµg,,nf_lycopene_âµg,,
505,0,LYS_G,Lysine,g,,nf_lysine_g,,
214,0,MALS,Maltose,g,,nf_maltose_g,,
506,0,MET_G,Methionine,g,,nf_methionine_g,,
304,0,MG,"Magnesium, Mg",mg,,"nf_magnesium, mg_mg",,
428,0,MK4,Menaquinone-4,Âµg,,nf_menaquinone-4_âµg,,
315,0,MN,"Manganese, Mn",mg,,"nf_manganese, mn_mg",,
406,0,NIA,Niacin,mg,,nf_niacin_mg,,
573,0,NULL,"Vitamin E, added",mg,,"nf_vitamin e, added_mg",,
578,0,NULL,"Vitamin B-12, added",Âµg,,"nf_vitamin b-12, added_âµg",,
257,0,NULL,Adjusted Protein,g,,nf_adjusted protein_g,,
664,0,NULL,22:1 t,g,,nf_22:1 t_g,,
676,0,NULL,22:1 c,g,,nf_22:1 c_g,,
856,0,NULL,18:3i,g,,nf_18:3i_g,,
665,0,NULL,18:2 t not further defined,g,,nf_18:2 t not further defined_g,,
666,0,NULL,18:2 i,g,,nf_18:2 i_g,,
305,0,P,"Phosphorus, P",mg,,"nf_phosphorus, p_mg",,
410,0,PANTAC,Pantothenic acid,mg,,nf_pantothenic acid_mg,,
508,0,PHE_G,Phenylalanine,g,,nf_phenylalanine_g,,
636,0,PHYSTR,Phytosterols,mg,,nf_phytosterols_mg,,
517,0,PRO_G,Proline,g,,nf_proline_g,,
319,0,RETOL,Retinol,Âµg,,nf_retinol_âµg,,
405,0,RIBF,Riboflavin,mg,,nf_riboflavin_mg,,
317,0,SE,"Selenium, Se",Âµg,,"nf_selenium, se_âµg",,
518,0,SER_G,Serine,g,,nf_serine_g,,
641,0,SITSTR,Beta-sitosterol,mg,,nf_beta-sitosterol_mg,,
209,0,STARCH,Starch,g,,nf_starch_g,,
638,0,STID7,Stigmasterol,mg,,nf_stigmasterol_mg,,
210,0,SUCS,Sucrose,g,,nf_sucrose_g,,
263,0,THEBRN,Theobromine,mg,,nf_theobromine_mg,,
404,0,THIA,Thiamin,mg,,nf_thiamin_mg,,
502,0,THR_G,Threonine,g,,nf_threonine_g,,
323,0,TOCPHA,Vitamin E (alpha-tocopherol),mg,,nf_vitamin e (alpha-tocopherol)_mg,,
341,0,TOCPHB,"Tocopherol, beta",mg,,"nf_tocopherol, beta_mg",,
343,0,TOCPHD,"Tocopherol, delta",mg,,"nf_tocopherol, delta_mg",,
342,0,TOCPHG,"Tocopherol, gamma",mg,,"nf_tocopherol, gamma_mg",,
501,0,TRP_G,Tryptophan,g,,nf_tryptophan_g,,
509,0,TYR_G,Tyrosine,g,,nf_tyrosine_g,,
510,0,VAL_G,Valine,g,,nf_valine_g,,
318,0,VITA_IU,"Vitamin A, IU",IU,,"nf_vitamin a, iu_iu",,
320,0,VITA_RAE,"Vitamin A, RAE",Âµg,,"nf_vitamin a, rae_âµg",,
418,0,VITB12,Vitamin B-12,Âµg,,nf_vitamin b-12_âµg,,
415,0,VITB6A,Vitamin B-6,mg,,nf_vitamin b-6_mg,,
401,0,VITC,"Vitamin C, total ascorbic acid",mg,,"nf_vitamin c, total ascorbic acid_mg",,
328,0,VITD,Vitamin D (D2 + D3),Âµg,,nf_vitamin d (d2 + d3)_âµg,,
430,0,VITK1,Vitamin K (phylloquinone),Âµg,,nf_vitamin k (phylloquinone)_âµg,,
429,0,VITK1D,Dihydrophylloquinone,Âµg,,nf_dihydrophylloquinone_âµg,,
255,0,WATER,Water,g,,nf_water_g,,
309,0,ZN,"Zinc, Zn",mg,,"nf_zinc, zn_mg",,
344,,TOCTRA,"Tocotrienol, alpha",mg,,"nf_tocotrienol, alpha_mg",,
345,,TOCTRB,"Tocotrienol, beta",mg,,"nf_tocotrienol, beta_mg",,
346,,TOCTRG,"Tocotrienol, gamma",mg,,"nf_tocotrienol, gamma_mg",,
347,,TOCTRD,"Tocotrienol,delta",mg,,"nf_tocotrienol,delta_mg",,
